key,name
alt,Orb of Alteration
fusing,Orb of Fusing
alch,Orb of Alchemy
chaos,Chaos Orb
gcp,Gemcutter's Prism
exalted,Exalted Orb
chrome,Chromatic Orb
jewellers,Jeweller's Orb
engineers,Engineer's Orb
infused-engineers-orb,Infused Engineer's Orb
chance,Orb of Chance
chisel,Cartographer's Chisel
scour,Orb of Scouring
blessed,Blessed Orb
regret,Orb of Regret
regal,Regal Orb
divine,Divine Orb
vaal,Vaal Orb
annul,Orb of Annulment
orb-of-binding,Orb of Binding
ancient-orb,Ancient Orb
orb-of-horizons,Orb of Horizons
harbingers-orb,Harbinger's Orb
wisdom,Scroll of Wisdom
portal,Portal Scroll
scrap,Armourer's Scrap
whetstone,Blacksmith's Whetstone
bauble,Glassblower's Bauble
transmute,Orb of Transmutation
aug,Orb of Augmentation
mirror,Mirror of Kalandra
eternal,Eternal Orb
rogues-marker,Rogue's Marker
silver,Silver Coin
crusaders-exalted-orb,Crusader's Exalted Orb
redeemers-exalted-orb,Redeemer's Exalted Orb
hunters-exalted-orb,Hunter's Exalted Orb
warlords-exalted-orb,Warlord's Exalted Orb
awakeners-orb,Awakener's Orb
mavens-orb,Maven's Orb
facetors,Facetor's Lens
prime-regrading-lens,Prime Regrading Lens
secondary-regrading-lens,Secondary Regrading Lens
tempering-orb,Tempering Orb
tailoring-orb,Tailoring Orb
stacked-deck,Stacked Deck
simple-sextant,Simple Sextant
prime-sextant,Prime Sextant
awakened-sextant,Awakened Sextant
elevated-sextant,Elevated Sextant
orb-of-unmaking,Orb of Unmaking
blessing-xoph,Blessing of Xoph
blessing-tul,Blessing of Tul
blessing-esh,Blessing of Esh
blessing-uul-netol,Blessing of Uul-Netol
blessing-chayula,Blessing of Chayula
veiled-chaos-orb,Veiled Chaos Orb
enkindling-orb,Enkindling Orb
instilling-orb,Instilling Orb
sacred-orb,Sacred Orb
annulment-shard,Annulment Shard
mirror-shard,Mirror Shard
exalted-shard,Exalted Shard
binding-shard,Binding Shard
horizon-shard,Horizon Shard
harbingers-shard,Harbinger's Shard
engineers-shard,Engineer's Shard
ancient-shard,Ancient Shard
chaos-shard,Chaos Shard
regal-shard,Regal Shard
splinter-xoph,Splinter of Xoph
splinter-tul,Splinter of Tul
splinter-esh,Splinter of Esh
splinter-uul,Splinter of Uul-Netol
splinter-chayula,Splinter of Chayula
timeless-eternal-empire-splinter,Timeless Eternal Empire Splinter
timeless-karui-splinter,Timeless Karui Splinter
timeless-vaal-splinter,Timeless Vaal Splinter
timeless-templar-splinter,Timeless Templar Splinter
timeless-maraketh-splinter,Timeless Maraketh Splinter
simulacrum-splinter,Simulacrum Splinter
crescent-splinter,Crescent Splinter
ritual-splinter,Ritual Splinter
dusk,Sacrifice at Dusk
mid,Sacrifice at Midnight
dawn,Sacrifice at Dawn
noon,Sacrifice at Noon
grie,Mortal Grief
rage,Mortal Rage
hope,Mortal Hope
ign,Mortal Ignorance
eber,Eber's Key
yriel,Yriel's Key
inya,Inya's Key
volkuur,Volkuur's Key
hydra,Fragment of the Hydra
phoenix,Fragment of the Phoenix
minot,Fragment of the Minotaur
chimer,Fragment of the Chimera
fragment-of-enslavement,Fragment of Enslavement
fragment-of-eradication,Fragment of Eradication
fragment-of-constriction,Fragment of Constriction
fragment-of-purification,Fragment of Purification
fragment-of-terror,Fragment of Terror
fragment-of-emptiness,Fragment of Emptiness
fragment-of-shape,Fragment of Shape
fragment-of-knowledge,Fragment of Knowledge
sacrifice-set,Sacrifice Set
mortal-set,Mortal Set
pale-court-set,Pale Court Set
shaper-set,Key to the Crucible
key-to-decay,Key to Decay
maddening-object,Maddening Object
xophs-breachstone,Xoph's Breachstone
tuls-breachstone,Tul's Breachstone
eshs-breachstone,Esh's Breachstone
uul-breachstone,Uul-Netol's Breachstone
chayulas-breachstone,Chayula's Breachstone
xophs-charged-breachstone,Xoph's Charged Breachstone
tuls-charged-breachstone,Tul's Charged Breachstone
eshs-charged-breachstone,Esh's Charged Breachstone
uul-charged-breachstone,Uul-Netol's Charged Breachstone
chayulas-charged-breachstone,Chayula's Charged Breachstone
xophs-enriched-breachstone,Xoph's Enriched Breachstone
tuls-enriched-breachstone,Tul's Enriched Breachstone
eshs-enriched-breachstone,Esh's Enriched Breachstone
uul-enriched-breachstone,Uul-Netol's Enriched Breachstone
chayulas-enriched-breachstone,Chayula's Enriched Breachstone
xophs-pure-breachstone,Xoph's Pure Breachstone
tuls-pure-breachstone,Tul's Pure Breachstone
eshs-pure-breachstone,Esh's Pure Breachstone
uul-pure-breachstone,Uul-Netol's Pure Breachstone
chayulas-pure-breachstone,Chayula's Pure Breachstone
xophs-flawless-breachstone,Xoph's Flawless Breachstone
tuls-flawless-breachstone,Tul's Flawless Breachstone
eshs-flawless-breachstone,Esh's Flawless Breachstone
uul-flawless-breachstone,Uul-Netol's Flawless Breachstone
chayulas-flawless-breachstone,Chayula's Flawless Breachstone
timeless-eternal-emblem,Timeless Eternal Emblem
timeless-karui-emblem,Timeless Karui Emblem
timeless-vaal-emblem,Timeless Vaal Emblem
timeless-templar-emblem,Timeless Templar Emblem
timeless-maraketh-emblem,Timeless Maraketh Emblem
uber-timeless-eternal-emblem,Unrelenting Timeless Eternal Emblem
uber-timeless-karui-emblem,Unrelenting Timeless Karui Emblem
uber-timeless-vaal-emblem,Unrelenting Timeless Vaal Emblem
uber-timeless-templar-emblem,Unrelenting Timeless Templar Emblem
uber-timeless-maraketh-emblem,Unrelenting Timeless Maraketh Emblem
simulacrum,Simulacrum
sacred-blossom,Sacred Blossom
ritual-vessel,Ritual Vessel
offer,Offering to the Goddess
offer-tribute,Tribute to the Goddess
offer-gift,Gift to the Goddess
offer-dedication,Dedication to the Goddess
haewark-hamlet,Maven's Invitation: Haewark Hamlet
glennach-cairns,Maven's Invitation: Glennach Cairns
valdos-rest,Maven's Invitation: Valdo's Rest
lira-arthain,Maven's Invitation: Lira Arthain
the-formed,Maven's Invitation: The Formed
the-twisted,Maven's Invitation: The Twisted
the-forgotten,Maven's Invitation: The Forgotten
the-hidden,Maven's Invitation: The Hidden
the-feared,Maven's Invitation: The Feared
the-mavens-writ,The Maven's Writ
ancient-reliquary-key,Ancient Reliquary Key
timeworn-reliquary-key,Timeworn Reliquary Key
vaal-reliquary-key,Vaal Reliquary Key
divine-vessel,Divine Vessel
tainted-chromatic-orb,Tainted Chromatic Orb
tainted-orb-of-fusing,Tainted Orb of Fusing
tainted-jewellers-orb,Tainted Jeweller's Orb
tainted-chaos-orb,Tainted Chaos Orb
tainted-exalted-orb,Tainted Exalted Orb
tainted-mythic-orb,Tainted Mythic Orb
tainted-armourers-scrap,Tainted Armourer's Scrap
tainted-blacksmiths-whetstone,Tainted Blacksmith's Whetstone
tainted-divine-teardrop,Tainted Divine Teardrop
tainted-blessing,Tainted Blessing
astragali,Astragali
exotic-coinage,Exotic Coinage
scrap-metal,Scrap Metal
burial-medallion,Burial Medallion
fine-delirium-orb,Fine Delirium Orb
singular-delirium-orb,Singular Delirium Orb
thaumaturges-delirium-orb,Thaumaturge's Delirium Orb
blacksmiths-delirium-orb,Blacksmith's Delirium Orb
armoursmiths-delirium-orb,Armoursmith's Delirium Orb
cartographers-delirium-orb,Cartographer's Delirium Orb
jewellers-delirium-orb,Jeweller's Delirium Orb
abyssal-delirium-orb,Abyssal Delirium Orb
kalguuran-delirium-orb,Kalguuran Delirium Orb
foreboding-delirium-orb,Foreboding Delirium Orb
obscured-delirium-orb,Obscured Delirium Orb
whispering-delirium-orb,Whispering Delirium Orb
fragmented-delirium-orb,Fragmented Delirium Orb
skittering-delirium-orb,Skittering Delirium Orb
fossilised-delirium-orb,Fossilised Delirium Orb
portentous-delirium-orb,Portentous Delirium Orb
diviners-delirium-orb,Diviner's Delirium Orb
delirium-orb,Delirium Orb
primal-delirium-orb,Primal Delirium Orb
imperial-delirium-orb,Imperial Delirium Orb
timeless-delirium-orb,Timeless Delirium Orb
blighted-delirium-orb,Blighted Delirium Orb
amorphous-delirium-orb,Amorphous Delirium Orb
turbulent-catalyst,Turbulent Catalyst
imbued-catalyst,Imbued Catalyst
abrasive-catalyst,Abrasive Catalyst
tempering-catalyst,Tempering Catalyst
fertile-catalyst,Fertile Catalyst
prismatic-catalyst,Prismatic Catalyst
intrinsic-catalyst,Intrinsic Catalyst
noxious-catalyst,Noxious Catalyst
accelerating-catalyst,Accelerating Catalyst
unstable-catalyst,Unstable Catalyst
clear-oil,Clear Oil
sepia-oil,Sepia Oil
amber-oil,Amber Oil
verdant-oil,Verdant Oil
teal-oil,Teal Oil
azure-oil,Azure Oil
indigo-oil,Indigo Oil
violet-oil,Violet Oil
crimson-oil,Crimson Oil
black-oil,Black Oil
opalescent-oil,Opalescent Oil
silver-oil,Silver Oil
golden-oil,Golden Oil
tainted-oil,Tainted Oil
whispering-incubator,Whispering Incubator
fine-incubator,Fine Incubator
singular-incubator,Singular Incubator
cartographers-incubator,Cartographer's Incubator
otherworldly-incubator,Otherworldly Incubator
abyssal-incubator,Abyssal Incubator
fragmented-incubator,Fragmented Incubator
skittering-incubator,Skittering Incubator
infused-incubator,Infused Incubator
fossilised-incubator,Fossilised Incubator
kalguuran-incubator,Kalguuran Incubator
diviners-incubator,Diviner's Incubator
primal-incubator,Primal Incubator
enchanted-incubator,Enchanted Incubator
geomancers-incubator,Geomancer's Incubator
ornate-incubator,Ornate Incubator
time-lost-incubator,Time-Lost Incubator
celestial-armoursmiths-incubator,Celestial Armoursmith's Incubator
celestial-blacksmiths-incubator,Celestial Blacksmith's Incubator
celestial-jewellers-incubator,Celestial Jeweller's Incubator
eldritch-incubator,Eldritch Incubator
obscured-incubator,Obscured Incubator
foreboding-incubator,Foreboding Incubator
thaumaturges-incubator,Thaumaturge's Incubator
mysterious-incubator,Mysterious Incubator
gemcutters-incubator,Gemcutter's Incubator
feral-incubator,Feral Incubator
blighted-incubator,Blighted Incubator
morphing-incubator,Morphing Incubator
maddening-incubator,Maddening Incubator
rusted-breach-scarab,Rusted Breach Scarab
polished-breach-scarab,Polished Breach Scarab
gilded-breach-scarab,Gilded Breach Scarab
jewelled-breach-scarab,Winged Breach Scarab
rusted-cartography-scarab,Rusted Cartography Scarab
polished-cartography-scarab,Polished Cartography Scarab
gilded-cartography-scarab,Gilded Cartography Scarab
jewelled-cartography-scarab,Winged Cartography Scarab
rusted-reliquary-scarab,Rusted Reliquary Scarab
polished-reliquary-scarab,Polished Reliquary Scarab
gilded-reliquary-scarab,Gilded Reliquary Scarab
jewelled-reliquary-scarab,Winged Reliquary Scarab
rusted-bestiary-scarab,Rusted Bestiary Scarab
polished-bestiary-scarab,Polished Bestiary Scarab
gilded-bestiary-scarab,Gilded Bestiary Scarab
jewelled-bestiary-scarab,Winged Bestiary Scarab
farric-lure,Farric Lure
saqawine-lure,Saqawine Lure
fenumal-lure,Fenumal Lure
craicic-lure,Craicic Lure
rusted-shaper-scarab,Rusted Shaper Scarab
polished-shaper-scarab,Polished Shaper Scarab
gilded-shaper-scarab,Gilded Shaper Scarab
jewelled-shaper-scarab,Winged Shaper Scarab
rusted-elder-scarab,Rusted Elder Scarab
polished-elder-scarab,Polished Elder Scarab
gilded-elder-scarab,Gilded Elder Scarab
jewelled-elder-scarab,Winged Elder Scarab
rusted-sulphite-scarab,Rusted Sulphite Scarab
polished-sulphite-scarab,Polished Sulphite Scarab
gilded-sulphite-scarab,Gilded Sulphite Scarab
jewelled-sulphite-scarab,Winged Sulphite Scarab
rusted-divination-scarab,Rusted Divination Scarab
polished-divination-scarab,Polished Divination Scarab
gilded-divination-scarab,Gilded Divination Scarab
jewelled-divination-scarab,Winged Divination Scarab
rusted-torment-scarab,Rusted Torment Scarab
polished-torment-scarab,Polished Torment Scarab
gilded-torment-scarab,Gilded Torment Scarab
jewelled-torment-scarab,Winged Torment Scarab
rusted-ambush-scarab,Rusted Ambush Scarab
polished-ambush-scarab,Polished Ambush Scarab
gilded-ambush-scarab,Gilded Ambush Scarab
jewelled-ambush-scarab,Winged Ambush Scarab
rusted-harbinger-scarab,Rusted Harbinger Scarab
polished-harbinger-scarab,Polished Harbinger Scarab
gilded-harbinger-scarab,Gilded Harbinger Scarab
jewelled-harbinger-scarab,Winged Harbinger Scarab
rusted-expedition-scarab,Rusted Expedition Scarab
polished-expedition-scarab,Polished Expedition Scarab
gilded-expedition-scarab,Gilded Expedition Scarab
winged-expedition-scarab,Winged Expedition Scarab
rusted-legion-scarab,Rusted Legion Scarab
polished-legion-scarab,Polished Legion Scarab
gilded-legion-scarab,Gilded Legion Scarab
jewelled-legion-scarab,Winged Legion Scarab
rusted-metamorph-scarab,Rusted Metamorph Scarab
polished-metamorph-scarab,Polished Metamorph Scarab
gilded-metamorph-scarab,Gilded Metamorph Scarab
jewelled-metamorph-scarab,Winged Metamorph Scarab
rusted-blight-scarab,Rusted Blight Scarab
polished-blight-scarab,Polished Blight Scarab
gilded-blight-scarab,Gilded Blight Scarab
winged-blight-scarab,Winged Blight Scarab
rusted-abyss-scarab,Rusted Abyss Scarab
polished-abyss-scarab,Polished Abyss Scarab
gilded-abyss-scarab,Gilded Abyss Scarab
winged-abyss-scarab,Winged Abyss Scarab
primitive-chaotic-resonator,Primitive Chaotic Resonator
potent-chaotic-resonator,Potent Chaotic Resonator
powerful-chaotic-resonator,Powerful Chaotic Resonator
prime-chaotic-resonator,Prime Chaotic Resonator
scorched-fossil,Scorched Fossil
frigid-fossil,Frigid Fossil
metallic-fossil,Metallic Fossil
jagged-fossil,Jagged Fossil
aberrant-fossil,Aberrant Fossil
pristine-fossil,Pristine Fossil
dense-fossil,Dense Fossil
corroded-fossil,Corroded Fossil
prismatic-fossil,Prismatic Fossil
aetheric-fossil,Aetheric Fossil
serrated-fossil,Serrated Fossil
lucent-fossil,Lucent Fossil
shuddering-fossil,Shuddering Fossil
bound-fossil,Bound Fossil
perfect-fossil,Perfect Fossil
deft-fossil,Deft Fossil
fundamental-fossil,Fundamental Fossil
faceted-fossil,Faceted Fossil
bloodstained-fossil,Bloodstained Fossil
hollow-fossil,Hollow Fossil
fractured-fossil,Fractured Fossil
glyphic-fossil,Glyphic Fossil
tangled-fossil,Tangled Fossil
sanctified-fossil,Sanctified Fossil
gilded-fossil,Gilded Fossil
whispering-essence-of-hatred,Whispering Essence of Hatred
muttering-essence-of-hatred,Muttering Essence of Hatred
weeping-essence-of-hatred,Weeping Essence of Hatred
wailing-essence-of-hatred,Wailing Essence of Hatred
screaming-essence-of-hatred,Screaming Essence of Hatred
shrieking-essence-of-hatred,Shrieking Essence of Hatred
deafening-essence-of-hatred,Deafening Essence of Hatred
whispering-essence-of-woe,Whispering Essence of Woe
muttering-essence-of-woe,Muttering Essence of Woe
weeping-essence-of-woe,Weeping Essence of Woe
wailing-essence-of-woe,Wailing Essence of Woe
screaming-essence-of-woe,Screaming Essence of Woe
shrieking-essence-of-woe,Shrieking Essence of Woe
deafening-essence-of-woe,Deafening Essence of Woe
whispering-essence-of-greed,Whispering Essence of Greed
muttering-essence-of-greed,Muttering Essence of Greed
weeping-essence-of-greed,Weeping Essence of Greed
wailing-essence-of-greed,Wailing Essence of Greed
screaming-essence-of-greed,Screaming Essence of Greed
shrieking-essence-of-greed,Shrieking Essence of Greed
deafening-essence-of-greed,Deafening Essence of Greed
whispering-essence-of-contempt,Whispering Essence of Contempt
muttering-essence-of-contempt,Muttering Essence of Contempt
weeping-essence-of-contempt,Weeping Essence of Contempt
wailing-essence-of-contempt,Wailing Essence of Contempt
screaming-essence-of-contempt,Screaming Essence of Contempt
shrieking-essence-of-contempt,Shrieking Essence of Contempt
deafening-essence-of-contempt,Deafening Essence of Contempt
muttering-essence-of-sorrow,Muttering Essence of Sorrow
weeping-essence-of-sorrow,Weeping Essence of Sorrow
wailing-essence-of-sorrow,Wailing Essence of Sorrow
screaming-essence-of-sorrow,Screaming Essence of Sorrow
shrieking-essence-of-sorrow,Shrieking Essence of Sorrow
deafening-essence-of-sorrow,Deafening Essence of Sorrow
muttering-essence-of-anger,Muttering Essence of Anger
weeping-essence-of-anger,Weeping Essence of Anger
wailing-essence-of-anger,Wailing Essence of Anger
screaming-essence-of-anger,Screaming Essence of Anger
shrieking-essence-of-anger,Shrieking Essence of Anger
deafening-essence-of-anger,Deafening Essence of Anger
muttering-essence-of-torment,Muttering Essence of Torment
weeping-essence-of-torment,Weeping Essence of Torment
wailing-essence-of-torment,Wailing Essence of Torment
screaming-essence-of-torment,Screaming Essence of Torment
shrieking-essence-of-torment,Shrieking Essence of Torment
deafening-essence-of-torment,Deafening Essence of Torment
muttering-essence-of-fear,Muttering Essence of Fear
weeping-essence-of-fear,Weeping Essence of Fear
wailing-essence-of-fear,Wailing Essence of Fear
screaming-essence-of-fear,Screaming Essence of Fear
shrieking-essence-of-fear,Shrieking Essence of Fear
deafening-essence-of-fear,Deafening Essence of Fear
weeping-essence-of-suffering,Weeping Essence of Suffering
wailing-essence-of-suffering,Wailing Essence of Suffering
screaming-essence-of-suffering,Screaming Essence of Suffering
shrieking-essence-of-suffering,Shrieking Essence of Suffering
deafening-essence-of-suffering,Deafening Essence of Suffering
weeping-essence-of-rage,Weeping Essence of Rage
wailing-essence-of-rage,Wailing Essence of Rage
screaming-essence-of-rage,Screaming Essence of Rage
shrieking-essence-of-rage,Shrieking Essence of Rage
deafening-essence-of-rage,Deafening Essence of Rage
weeping-essence-of-wrath,Weeping Essence of Wrath
wailing-essence-of-wrath,Wailing Essence of Wrath
screaming-essence-of-wrath,Screaming Essence of Wrath
shrieking-essence-of-wrath,Shrieking Essence of Wrath
deafening-essence-of-wrath,Deafening Essence of Wrath
weeping-essence-of-doubt,Weeping Essence of Doubt
wailing-essence-of-doubt,Wailing Essence of Doubt
screaming-essence-of-doubt,Screaming Essence of Doubt
shrieking-essence-of-doubt,Shrieking Essence of Doubt
deafening-essence-of-doubt,Deafening Essence of Doubt
wailing-essence-of-anguish,Wailing Essence of Anguish
screaming-essence-of-anguish,Screaming Essence of Anguish
shrieking-essence-of-anguish,Shrieking Essence of Anguish
deafening-essence-of-anguish,Deafening Essence of Anguish
wailing-essence-of-loathing,Wailing Essence of Loathing
screaming-essence-of-loathing,Screaming Essence of Loathing
shrieking-essence-of-loathing,Shrieking Essence of Loathing
deafening-essence-of-loathing,Deafening Essence of Loathing
wailing-essence-of-spite,Wailing Essence of Spite
screaming-essence-of-spite,Screaming Essence of Spite
shrieking-essence-of-spite,Shrieking Essence of Spite
deafening-essence-of-spite,Deafening Essence of Spite
wailing-essence-of-zeal,Wailing Essence of Zeal
screaming-essence-of-zeal,Screaming Essence of Zeal
shrieking-essence-of-zeal,Shrieking Essence of Zeal
deafening-essence-of-zeal,Deafening Essence of Zeal
screaming-essence-of-misery,Screaming Essence of Misery
shrieking-essence-of-misery,Shrieking Essence of Misery
deafening-essence-of-misery,Deafening Essence of Misery
screaming-essence-of-dread,Screaming Essence of Dread
shrieking-essence-of-dread,Shrieking Essence of Dread
deafening-essence-of-dread,Deafening Essence of Dread
screaming-essence-of-scorn,Screaming Essence of Scorn
shrieking-essence-of-scorn,Shrieking Essence of Scorn
deafening-essence-of-scorn,Deafening Essence of Scorn
screaming-essence-of-envy,Screaming Essence of Envy
shrieking-essence-of-envy,Shrieking Essence of Envy
deafening-essence-of-envy,Deafening Essence of Envy
essence-of-hysteria,Essence of Hysteria
essence-of-insanity,Essence of Insanity
essence-of-horror,Essence of Horror
essence-of-delirium,Essence of Delirium
remnant-of-corruption,Remnant of Corruption
a-dab-of-ink,A Dab of Ink
a-familiar-call,A Familiar Call
a-modest-request,A Modest Request
a-mothers-parting-gift,A Mother's Parting Gift
a-note-in-the-wind,A Note in the Wind
a-sea-of-blue,A Sea of Blue
a-stone-perfected,A Stone Perfected
abandoned-wealth,Abandoned Wealth
acclimatisation,Acclimatisation
akils-prophecy,Akil's Prophecy
alluring-bounty,Alluring Bounty
alone-in-the-darkness,Alone in the Darkness
ambitious-obsession,Ambitious Obsession
anarchys-price,Anarchy's Price
arrogance-of-the-vaal,Arrogance of the Vaal
assassins-favour,Assassin's Favour
atziris-arsenal,Atziri's Arsenal
audacity,Audacity
azyrans-reward,Azyran's Reward
baited-expectations,Baited Expectations
beauty-through-death,Beauty Through Death
birth-of-the-three,Birth of the Three
blessing-of-god,Blessing of God
blind-venture,Blind Venture
boon-of-justice,Boon of Justice
boon-of-the-first-ones,Boon of the First Ones
boundless-realms,Boundless Realms
bowyers-dream,Bowyer's Dream
broken-promises,Broken Promises
brotherhood-in-exile,Brotherhood in Exile
brothers-stash,Brother's Stash
brush-paint-and-palette,"Brush, Paint and Palette"
buried-treasure,Buried Treasure
burning-blood,Burning Blood
call-to-the-first-ones,Call to the First Ones
camerias-cut,Cameria's Cut
cartographers-delight,Cartographer's Delight
chaotic-disposition,Chaotic Disposition
chasing-risk,Chasing Risk
costly-curio,Costly Curio
council-of-cats,Council of Cats
coveted-possession,Coveted Possession
cursed-words,Cursed Words
dark-dreams,Dark Dreams
dark-temptation,Dark Temptation
deadly-joy,Deadly Joy
death,Death
deathly-designs,Deathly Designs
dementophobia,Dementophobia
demigods-wager,Demigod's Wager
desecrated-virtue,Desecrated Virtue
desperate-crusade,Desperate Crusade
destined-to-crumble,Destined to Crumble
diallas-subjugation,Dialla's Subjugation
disdain,Disdain
divine-justice,Divine Justice
doedres-madness,Doedre's Madness
draped-in-dreams,Draped in Dreams
dying-anguish,Dying Anguish
dying-light,Dying Light
earth-drinker,Earth Drinker
echoes-of-love,Echoes of Love
emperor-of-purity,Emperor of Purity
emperors-luck,Emperor's Luck
etched-in-blood,Etched in Blood
eternal-bonds,Eternal Bonds
fateful-meeting,Fateful Meeting
forbidden-power,Forbidden Power
friendship,Friendship
gemcutters-promise,Gemcutter's Promise
gift-of-asenath,Gift of Asenath
gift-of-the-gemling-queen,Gift of the Gemling Queen
glimmer-of-hope,Glimmer of Hope
grave-knowledge,Grave Knowledge
guardians-challenge,Guardian's Challenge
harmony-of-souls,Harmony of Souls
haunting-shadows,Haunting Shadows
her-mask,Her Mask
heterochromia,Heterochromia
hope-card,Hope
house-of-mirrors,House of Mirrors
hubris,Hubris
humility,Humility
hunters-resolve,Hunter's Resolve
hunters-reward,Hunter's Reward
immortal-resolve,Immortal Resolve
imperial-legacy,Imperial Legacy
jack-in-the-box,Jack in the Box
keepers-corruption,Keeper's Corruption
lachrymal-necrosis,Lachrymal Necrosis
lantadors-lost-love,Lantador's Lost Love
last-hope,Last Hope
left-to-fate,Left to Fate
light-and-truth,Light and Truth
lingering-remnants,Lingering Remnants
lost-worlds,Lost Worlds
love-through-ice,Love Through Ice
loyalty,Loyalty
luck-of-the-vaal,Luck of the Vaal
lucky-connections,Lucky Connections
lucky-deck,Lucky Deck
luminous-trove,Luminous Trove
lysahs-respite,Lysah's Respite
mawr-blaidd,Mawr Blaidd
merciless-armament,Merciless Armament
might-is-right,Might is Right
mitts,Mitts
monochrome,Monochrome
more-is-never-enough,More is Never Enough
no-traces,No Traces
nooks-crown,Nook's Crown
peaceful-moments,Peaceful Moments
perfection,Perfection
prejudice,Prejudice
pride-before-the-fall,Pride Before the Fall
pride-of-the-first-ones,Pride of the First Ones
prometheus-armoury,Prometheus' Armoury
prosperity,Prosperity
rain-of-chaos,Rain of Chaos
rain-tempter,Rain Tempter
rats,Rats
rebirth,Rebirth
reckless-ambition,Reckless Ambition
remembrance,Remembrance
sambodhis-vow,Sambodhi's Vow
sambodhis-wisdom,Sambodhi's Wisdom
scholar-of-the-seas,Scholar of the Seas
seven-years-bad-luck,Seven Years Bad Luck
shard-of-fate,Shard of Fate
societys-remorse,Society's Remorse
squandered-prosperity,Squandered Prosperity
struck-by-lightning,Struck by Lightning
succor-of-the-sinless,Succor of the Sinless
terrible-secret-of-space,Terrible Secret of Space
the-academic,The Academic
the-admirer,The Admirer
the-adventuring-spirit,The Adventuring Spirit
the-aesthete,The Aesthete
the-archmages-right-hand,The Archmage's Right Hand
the-arena-champion,The Arena Champion
the-army-of-blood,The Army of Blood
the-artist,The Artist
the-aspirant,The Aspirant
the-astromancer,The Astromancer
the-avenger,The Avenger
the-awakened,The Awakened
the-bargain,The Bargain
the-battle-born,The Battle Born
the-bear-woman,The Bear Woman
the-beast,The Beast
the-betrayal,The Betrayal
the-bitter-blossom,The Bitter Blossom
the-blazing-fire,The Blazing Fire
the-blessing-of-moosh,The Blessing of Moosh
the-body,The Body
the-bones,The Bones
the-breach,The Breach
the-brittle-emperor,The Brittle Emperor
the-cache,The Cache
the-cacophony,The Cacophony
the-calling,The Calling
the-card-sharp,The Card Sharp
the-carrion-crow,The Carrion Crow
the-cartographer,The Cartographer
the-cataclysm,The Cataclysm
the-catalyst,The Catalyst
the-catch,The Catch
the-celestial-justicar,The Celestial Justicar
the-celestial-stone,The Celestial Stone
the-chains-that-bind,The Chains that Bind
the-cheater,The Cheater
the-chosen,The Chosen
the-coming-storm,The Coming Storm
the-conduit,The Conduit
the-craving,The Craving
the-cursed-king,The Cursed King
the-damned,The Damned
the-dapper-prodigy,The Dapper Prodigy
the-dark-mage,The Dark Mage
the-darkest-dream,The Darkest Dream
the-deal,The Deal
the-deceiver,The Deceiver
the-deep-ones,The Deep Ones
the-demon,The Demon
the-demoness,The Demoness
the-devastator,The Devastator
the-doctor,The Doctor
the-doppelganger,The Doppelganger
the-dragon,The Dragon
the-dragons-heart,The Dragon's Heart
the-dreamer,The Dreamer
the-dreamland,The Dreamland
the-drunken-aristocrat,The Drunken Aristocrat
the-easy-stroll,The Easy Stroll
the-eldritch-decay,The Eldritch Decay
the-emptiness,The Emptiness
the-encroaching-darkness,The Encroaching Darkness
the-endless-darkness,The Endless Darkness
the-endurance,The Endurance
the-enlightened,The Enlightened
the-enthusiasts,The Enthusiasts
the-escape,The Escape
the-eternal-war,The Eternal War
the-ethereal,The Ethereal
the-explorer,The Explorer
the-eye-of-terror,The Eye of Terror
the-eye-of-the-dragon,The Eye of the Dragon
the-fathomless-depths,The Fathomless Depths
the-feast,The Feast
the-fiend,The Fiend
the-fishmonger,The Fishmonger
the-fletcher,The Fletcher
the-floras-gift,The Flora's Gift
the-fool,The Fool
the-forgotten-treasure,The Forgotten Treasure
the-formless-sea,The Formless Sea
the-forsaken,The Forsaken
the-fox,The Fox
the-fox-in-the-brambles,The Fox in the Brambles
the-gambler,The Gambler
the-garish-power,The Garish Power
the-gemcutter,The Gemcutter
the-gentleman,The Gentleman
the-gladiator,The Gladiator
the-golden-era,The Golden Era
the-greatest-intentions,The Greatest Intentions
the-gulf,The Gulf
the-hale-heart,The Hale Heart
the-harvester,The Harvester
the-hermit,The Hermit
the-heroic-shot,The Heroic Shot
the-hive-of-knowledge,The Hive of Knowledge
the-hoarder,The Hoarder
the-hook,The Hook
the-hunger,The Hunger
the-immortal,The Immortal
the-incantation,The Incantation
the-innocent,The Innocent
the-inoculated,The Inoculated
the-insatiable,The Insatiable
the-inventor,The Inventor
the-iron-bard,The Iron Bard
the-jester,The Jester
the-jewellers-boon,The Jeweller's Boon
the-journalist,The Journalist
the-journey,The Journey
the-kings-blade,The King's Blade
the-kings-heart,The King's Heart
the-landing,The Landing
the-last-one-standing,The Last One Standing
the-last-supper,The Last Supper
the-lich,The Lich
the-life-thief,The Life Thief
the-lion,The Lion
the-long-con,The Long Con
the-long-watch,The Long Watch
the-lord-in-black,The Lord in Black
the-lord-of-celebration,The Lord of Celebration
the-lover,The Lover
the-lunaris-priestess,The Lunaris Priestess
the-mad-king,The Mad King
the-master,The Master
the-master-artisan,The Master Artisan
the-mayor,The Mayor
the-mercenary,The Mercenary
the-messenger,The Messenger
the-metalsmiths-gift,The Metalsmith's Gift
the-minds-eyes,The Mind's Eyes
the-mountain,The Mountain
the-nurse,The Nurse
the-oath,The Oath
the-obscured,The Obscured
the-offering,The Offering
the-offspring,The Offspring
the-old-man,The Old Man
the-one-with-all,The One With All
the-opulent,The Opulent
the-pack-leader,The Pack Leader
the-pact,The Pact
the-patient,The Patient
the-penitent,The Penitent
the-poet,The Poet
the-polymath,The Polymath
the-porcupine,The Porcupine
the-price-of-loyalty,The Price of Loyalty
the-price-of-prescience,The Price of Prescience
the-price-of-protection,The Price of Protection
the-primordial,The Primordial
the-prince-of-darkness,The Prince of Darkness
the-professor,The Professor
the-progeny-of-lunaris,The Progeny of Lunaris
the-puzzle,The Puzzle
the-queen,The Queen
the-rabbits-foot,The Rabbit's Foot
the-rabid-rhoa,The Rabid Rhoa
the-realm,The Realm
the-risk,The Risk
the-rite-of-elements,The Rite of Elements
the-road-to-power,The Road to Power
the-ruthless-ceinture,The Ruthless Ceinture
the-sacrifice,The Sacrifice
the-saints-treasure,The Saint's Treasure
the-samurais-eye,The Samurai's Eye
the-scarred-meadow,The Scarred Meadow
the-scavenger,The Scavenger
the-scholar,The Scholar
the-scout-card,The Scout
the-seeker,The Seeker
the-sephirot,The Sephirot
the-shortcut,The Shortcut
the-side-quest,The Side Quest
the-sigil,The Sigil
the-siren,The Siren
the-skeleton,The Skeleton
the-soul,The Soul
the-spark-and-the-flame,The Spark and the Flame
the-spoiled-prince,The Spoiled Prince
the-standoff,The Standoff
the-stormcaller,The Stormcaller
the-strategist,The Strategist
the-summoner,The Summoner
the-sun,The Sun
the-surgeon,The Surgeon
the-surveyor,The Surveyor
the-survivalist,The Survivalist
the-sustenance,The Sustenance
the-sword-kings-salute,The Sword King's Salute
the-thaumaturgist,The Thaumaturgist
the-throne,The Throne
the-tinkerers-table,The Tinkerer's Table
the-tower,The Tower
the-traitor,The Traitor
the-trial,The Trial
the-tumbleweed,The Tumbleweed
the-twilight-moon,The Twilight Moon
the-twins,The Twins
the-tyrant,The Tyrant
the-undaunted,The Undaunted
the-undisputed,The Undisputed
the-unexpected-prize,The Unexpected Prize
the-union,The Union
the-valkyrie,The Valkyrie
the-valley-of-steel-boxes,The Valley of Steel Boxes
the-vast,The Vast
the-visionary,The Visionary
the-void,The Void
the-warden,The Warden
the-warlord,The Warlord
the-watcher,The Watcher
the-web,The Web
the-white-knight,The White Knight
the-whiteout,The Whiteout
the-wilted-rose,The Wilted Rose
the-wind,The Wind
the-witch,The Witch
the-wolf,The Wolf
the-wolfs-legacy,The Wolf's Legacy
the-wolfs-shadow,The Wolf's Shadow
the-wolven-kings-bite,The Wolven King's Bite
the-wolverine,The Wolverine
the-world-eater,The World Eater
the-wrath,The Wrath
the-wretched,The Wretched
thirst-for-knowledge,Thirst for Knowledge
three-faces-in-the-dark,Three Faces in the Dark
three-voices,Three Voices
thunderous-skies,Thunderous Skies
time-lost-relic,Time-Lost Relic
tranquillity,Tranquillity
treasure-hunter,Treasure Hunter
triskaidekaphobia,Triskaidekaphobia
turn-the-other-cheek,Turn the Other Cheek
unchained,Unchained
underground-forest,Underground Forest
unrequited-love,Unrequited Love
vanity,Vanity
vile-power,Vile Power
vinias-token,Vinia's Token
void-of-the-elements,Void of the Elements
volatile-power,Volatile Power
wealth-and-power,Wealth and Power
winters-embrace,Winter's Embrace
